Properti_Name,Price,Lokasi,Detail
"Dijual Rumah Siap Huni, Lingkungan Komplek di Cipete",Rp 6.000.000.000,"Kebayoran Baru, Jakarta Selatan",3 KT - 3 KM - 260 m2
Di Jual Cepat Rumah Ragunan Harga Murah,Rp 2.100.000.000,"Pasar Minggu, Jakarta Selatan",3 KT - 3 KM - 139 m2
Kebayoran Baru lokasi dekat stasiun MRT dan Panglima Polim Raya,Rp 5.800.000.000,"Kebayoran Baru, Jakarta Selatan",10 KT - 3 KM - 237 m2
South Quarter Residence Tipe 1 BR + Study,Rp 2.617.738.820,"Cilandak, Jakarta Selatan",1 KT - 1 KM - 60 m2
Dijual Rumah Pondok Indah Brand New Ada Swimming Pool #128951,Rp 9.300.000.000,"Jakarta Selatan, Jakarta D.K.I.",3 KT - 2 KM - 390 m2
"Hunian Modern Classic 2-lantai Plus Rooftop, Akses Mobil di Jagakarsa",Rp 860.000.000,"Cilandak, Jakarta Selatan",3 KT - 2 KM - 91 m2
"Hunian Modern Classic 2-lantai Plus Rooftop, Akses Mobil di Jagakarsa",Rp 860.000.000,"Cilandak, Jakarta Selatan",3 KT - 2 KM - 91 m2
Rumah Siap Huni Halaman Luas,Rp 25.000.000.000,"Pasar Minggu, Jakarta Selatan",4 KT - 3 KM - 385.0 m2
Rumah manis harga ekonomis lokasi strategis di meruyung cinere depok,Rp 275.000.000,"Mampang Prapatan, Jakarta Selatan",2 KT - 1 KM - 30 m2
Rumah manis harga ekonomis lokasi strategis di meruyung cinere depok,Rp 275.000.000,"Pancoran, Jakarta Selatan",2 KT - 1 KM - 30 m2
Turun Harga Apt Pejaten Park Residence 1 Br Ff,Rp 1.250.000.000,"Pasar Minggu, Jakarta Selatan",1 KT - 1 KM - 42 m2
Rumah Baru Siap Huni Di Komplek Ampera Dekat Kemang Jaksel,Rp 5.900.000.000,"Pasar Minggu, Jakarta Selatan",5 KT - 6 KM - 430 m2
rumah baru siap huni pool di pakubowono kebayoran baru SHM,Rp 35.000.000.000,"Kebayoran Baru, Jakarta Selatan",5 KT - 5 KM - 840 m2
RUMAH LAMA HITUNG TANAH DENGAN LOKASI STRATEGIS,Rp 20.000.000.000,"Kebayoran Baru, Jakarta Selatan",7 KT - 3 KM - 300 m2
Hunian memukau harga terjangkau di meruyung cinere depok,Rp 350.000.000,"Pasar Minggu, Jakarta Selatan",2 KT - 1 KM - 36 m2
Rumah Pejaten Ampera Jual Cepat turun harga,Rp 10.000.000.000,"Pasar Minggu, Jakarta Selatan",6 KT - 3 KM - 200 m2
DIJUAL RUMAH DI PESONA LINE14 RESIDENCE DEKAT MALLA EON TANJUNG BARAT,Rp 1.900.000.000,"Pasar Minggu, Jakarta Selatan",3 KT - 3 KM - 57 m2
Jual unit Apartmen L'avenue office & Residence,Rp 1.300.000.000,"Pancoran, Jakarta Selatan",1 KT - 1 KM - 64 m2
Cluster murah 2 Lantai Bintaro sebelah mall Bx Change,Rp 1.300.000.000,"Kebayoran Lama, Jakarta Selatan",3 KT - 3 KM - 83 m2
Jual Cepat Tower Tulip Type 3 BR Aparteemen Kalibata City Green Palace,Rp 675.000.000,"Pancoran, Jakarta Selatan",3 KT - 1 KM - 50 m2
PANCORAN METROPOLITAN 18 RESIDENCE,Rp 3.900.000.000,"Pancoran, Jakarta Selatan",4 KT - 4 KM - 200 m2
RUMAH CANTIK FULL RENOVATION DENGAN DESIGN AMERICAN CLASSIC,Rp 32.000.000.000,"Kebayoran Baru, Jakarta Selatan",5 KT - 5 KM - 600 m2
"DIJUAL CEPAT RUMAH MEWAH BARU DI BRAWIJAYA, KEBAYORAN BARU",Rp 39.000.000.000,"Kebayoran Baru, Jakarta Selatan",4 KT - 4 KM - 550 m2
dijual rumah dalam cluster siap huni dipejaten barat,Rp 6.300.000.000,"Pasar Minggu, Jakarta Selatan",4 KT - 3 KM - 325 m2
dijual rumah jalan Adhiyaksa raya,Rp 25.000.000.000,"Cilandak, Jakarta Selatan",7 KT - 5 KM - 600 m2
"DIJUAL RUMAH MEWAH BARU DI BRAWIJAYA, KEBAYORAN BARU",Rp 32.000.000.000,"Kebayoran Baru, Jakarta Selatan",4 KT - 4 KM - 550 m2
"RUMAH  3 LANTAI STRATEGIS DEKAT KE JALAN RAYA , KEBAYORAN BARU",Rp 11.500.000.000,"Kebayoran Baru, Jakarta Selatan",8 KT - 7 KM - 225 m2
dijual rumah dalam komplek dipejaten timur,Rp 2.500.000.000,"Pasar Minggu, Jakarta Selatan",4 KT - 2 KM - 180 m2
Rumah cluster di meruyung cinere depok,Rp 350.000.000,"Mampang Prapatan, Jakarta Selatan",2 KT - 1 KM - 36 m2
Hunian Baru 4 Lantai Rooftop Lokasi Prime Dkt Gatot Soebroto,Rp 3.900.000.000,"Mampang Prapatan, Jakarta Selatan",3 KT - 4 KM - 165 m2
rumah siap huni lokasi strategis di cibulan kebayoran baru SHM,Rp 8.000.000.000,"Kebayoran Baru, Jakarta Selatan",4 KT - 4 KM - 180 m2
For Sell Pakubuwono House Apartment 2BR+1 175 sqm,Rp 5.500.000.000,"Kebayoran Baru, Jakarta Selatan",2 KT - 2 KM - 175 m2
KALIBATA CITY 2BR FULL FURNISHED DIRECT OWNER,Rp 375.000.000,"Pancoran, Jakarta Selatan",2 KT - 1 KM - 33 m2
Permata Hijau Mansion Tipe A,Rp 3.525.000.000,"Kebayoran Lama, Jakarta Selatan",4 KT - 4 KM - 130 m2
Jual Cepat Tower Gaharu 2 BR Bersih Furnish Apartemen Kalibata City,Rp 345.000.000,"Pancoran, Jakarta Selatan",2 KT - 1 KM - 34 m2
Dijual Apartmen Pakubuwono Terrace,Rp 550.000.000,"Kebayoran Lama, Jakarta Selatan",2 KT - 1 KM - 38 m2
Jual Apartemen Mewah Arumaya 1BR Full Furnish di Jakarta Selatan,Rp 2.800.000.000,"Cilandak, Jakarta Selatan",1 KT - 1 KM - 55 m2
rumah lama direnovasi,Rp 17.000.000.000,"Pesanggrahan, Jakarta Selatan",4 KT - 2 KM - 150 m2
rumah modern di binataro jakarta selatan siap huni,Rp 3.500.000.000,"Pesanggrahan, Jakarta Selatan",3 KT - 3 KM - 240 m2
Rumah Potensi Cuan Model Ngantong Cocok Usaha Akses Jalan Lebar,Rp 19.000.000.000,"Kebayoran Lama, Jakarta Selatan",6 KT - 5 KM - 319 m2
For Sell Pakubuwono House Apartment 2BR+1 175 sqm,Rp 5.500.000.000,"Kebayoran Baru, Jakarta Selatan",2 KT - 2 KM - 175 m2
Dijual Rumah Asri di Cilandak Jaksel (19 M) 14415 oc,Rp 19.000.000.000,"Cilandak, Jakarta Selatan",4 KT - 3 KM - 350 m2
TROPICAL HOUSE AT CILANDAK JAKARTA SELATAN,Rp 9.000.000.000,"Cilandak, Jakarta Selatan",6 KT - 5 KM - 350 m2
dijual rumah strategis,Rp 18.000.000.000,"Kebayoran Baru, Jakarta Selatan",3 KT - 3 KM - 250 m2
DIJUAL RUMAH DI JL. LEBAK BULUS  CILANDAK JAKARTA SELATAN,Rp 1.300.000.000,"Cilandak, Jakarta Selatan",2 KT - 1 KM - 50 m2
"rumah mewah 3 lantai di jakarta selatan,pondok indah,pesanggrahan",Rp 4.000.000.000,"Pesanggrahan, Jakarta Selatan",4 KT - 4 KM - 171 m2
Rumah Cantik Petukangan Pesanggrahan Jakarta Selatan Furnish,Rp 8.500.000.000,"Pesanggrahan, Jakarta Selatan",4 KT - 3 KM - 320 m2
Dijual Rumah Minimalis Lokasi Strategis Jaksel 2-lantai Plus Rooftop,Rp 860.000.000,"Pasar Minggu, Jakarta Selatan",3 KT - 2 KM - 90 m2
Di Jual Rumah Pondok Pinang Kebayoran lama Jakarta Selatan,Rp 420.000.000,"Kebayoran Lama, Jakarta Selatan",2 KT - 1 KM - 60 m2
Panorama Terrace Tipe A,Rp 3.800.000.000,"Pesanggrahan, Jakarta Selatan",5 KT - 4 KM - 180 m2
Jual Cepat Tower Tulip Type 3 BR Apartemen Green Palace Kalibata City,Rp 680.000.000,"Pancoran, Jakarta Selatan",3 KT - 1 KM - 50 m2
The Veranda Resort Apartment,Rp 4.000.000.000,"Cilandak, Jakarta Selatan",2 KT - 1 KM - 99 m2
"rumah townhouse mewah di jakarta selatan,pondok indah",Rp 6.100.000.000,"Pesanggrahan, Jakarta Selatan",4 KT - 4 KM - 200 m2
"Rumah Siap Huni di Sektor 1 Bintaro Jaya (8,7 M) 9134 oc",Rp 8.700.000.000,"Pesanggrahan, Jakarta Selatan",3 KT - 2 KM - 138 m2
Rumah Murah Di Discovery Emerald Bintaro Jaya Tangerang Selatan,Rp 2.950.000.000,"Pesanggrahan, Jakarta Selatan",4 KT - 3 KM - 129 m2
Dijual Cepat Rumah Tingkat SHM Dekat Gandaria City Pondok Indah,Rp 6.950.000.000,"Kebayoran Lama, Jakarta Selatan",6 KT - 6 KM - 500 m2
Apartemen 2 BR Full Furnished di Pancoran Riverside Jakarta Selatan,Rp 550.000.000,"Pancoran, Jakarta Selatan",2 KT - 1 KM - 36 m2
"Usaha Kos-Kosan Potensial di Kebayoran Lama, Dijual Cepat",Rp 10.000.000.000,"Kebayoran Lama, Jakarta Selatan",>10 KT - 4 KM - 600 m2
RUMAH MEWAH MODERN 4 LANTAI ONE GATE Sistem DEKAT TB SIMATUPANG,Rp 3.880.000.000,"Cilandak, Jakarta Selatan",5 KT - 5 KM - 235 m2
Disewakan Rumah Area Pejaten Barat,Rp 470.000.000,"Pasar Minggu, Jakarta Selatan",8 KT - 5 KM - 500 m2
Rumah mewah di cluster tiga lantai di jakarta selatan,Rp 4.500.000.000,"Jakarta Selatan, Jakarta D.K.I.",3 KT - 3 KM - 188 m2
"Pejaten Barat, Pasar Minggu - Rumah Hitung Tanah -  Untuk Kost/Hunian",Rp 26.000.000,"Pasar Minggu, Jakarta Selatan",6 KT - 5 KM - 175 m2
Rumah Klasik Cantik di Jakarta Selatan,Rp 13.100.000.000,"Cilandak, Jakarta Selatan",6 KT - 4 KM - 418 m2
Dijual Cepat Rumah Terawat Siap Huni di Duren Tiga,Rp 8.000.000.000,"Pancoran, Jakarta Selatan",4 KT - 4 KM - 221 m2
"JUAL CEPAT, 1 paket (Rmh induk+12 kontrakan+3 kios semua full penyewa)",Rp 5.800.000.000,"Kebayoran Lama, Jakarta Selatan",3 KT - 2 KM - 560 m2
BRAND NEW LUXURY HOUSE 4 LANTAI SIAP HUNI STRATEGIS DI CILANDAK JAKSEL,Rp 8.500.000.000,"Cilandak, Jakarta Selatan",6 KT - 5 KM - 450 m2
RUMAH PEJATEN - PASAR MINGGU,Rp 4.500.000.000,"Pasar Minggu, Jakarta Selatan",5 KT - 2 KM - 200 m2
Rumah lelang Murah dengan lokasi strategis di Gandaria Jaksel,Rp 1.550.000.000,"Kebayoran Baru, Jakarta Selatan",3 KT - 2 KM - 144 m2
Rumah Komplek Tanjung Barat Pasar Minggu,Rp 7.000.000.000,"Pasar Minggu, Jakarta Selatan",7 KT - 4 KM - 272 m2
"dijual rumah dipejaten raya dekat sekolah,rumah ibadah dan penvill",Rp 19.400.000.000,"Pasar Minggu, Jakarta Selatan",5 KT - 4 KM - 375 m2
dijual rumah dipejaten barat siaga,Rp 9.500.000.000,"Pasar Minggu, Jakarta Selatan",4 KT - 2 KM - 450 m2
Jual rumah cluster jkt selatan.,Rp 48.000.000.000,"Pasar Minggu, Jakarta Selatan",3 KT - 3 KM - 165 m2
DISCOVERY BINTARO RUMAH HOOK HOMIE EMERALD KEBAYORAN CIELO FLAMINE,Rp 4.900.000.000,"Pesanggrahan, Jakarta Selatan",5 KT - 4 KM - 188 m2
Jual Cepat Rumah Semi Furnish Ada Kolam Renang Area Cipete JakSel,Rp 10.500.000.000,"Cilandak, Jakarta Selatan",3 KT - 3 KM - 180 m2
Rumah murah di meruyung cinere depok,Rp 165.000.000,"Pasar Minggu, Jakarta Selatan",2 KT - 1 KM - 21 m2
Rumah cluster di meruyung cinere depok,Rp 165.000.000,"Pancoran, Jakarta Selatan",2 KT - 1 KM - 21 m2
Rumah murah di meruyung cinere depok,Rp 165.000.000,"Mampang Prapatan, Jakarta Selatan",2 KT - 1 KM - 21 m2
Rumah murah di meruyung cinere depok,Rp 165.000.000,"Pesanggrahan, Jakarta Selatan",2 KT - 1 KM - 21 m2
Di jual Cepat Apartment Full Furniah di The Aspen Fatmawati,Rp 2.200.000.000,"Cilandak, Jakarta Selatan",3 KT - 3 KM - 95 m2
DIJUAL PANCORAN METROPOLITAN 18 RESIDENCE,Rp 3.600.000.000,"Pancoran, Jakarta Selatan",5 KT - 4 KM - 200 m2
Turun Harga TerMurah! Rumah 2 Lantai Jakarta Selatan,Rp 3.800.000.000,"Pasar Minggu, Jakarta Selatan",4 KT - 3 KM - 260 m2
DI JUAL MURAH APARTEMEN KALIBATA CITY TOWER EBONI JAKARTA  SELATAN,Rp 280.000.000,"Pancoran, Jakarta Selatan",2 KT - 1 KM - 33 m2
apartemen kalibata tower Flamboyan lt 2,Rp 325.000.000,"Pancoran, Jakarta Selatan",2 KT - 1 KM - 28 m2
"Ampera Cilandak, Rumah Luas Dijual Cepat",Rp 26.000.000,"Pasar Minggu, Jakarta Selatan",5 KT - 4 KM - 620 m2
Apartemen Four Winds 3br 148m2 Dijual Cepat,Rp 6.000.000.000,"Kebayoran Lama, Jakarta Selatan",2 KT - 2 KM - 148 m2
apartemen kalibata tower Hebras lt 2,Rp 330.000.000,"Pancoran, Jakarta Selatan",2 KT - 1 KM - 28 m2
"RUMAH DIJUAL DI PELA MAMPANG, BANGUNAN LUAS DAN STRATEGIS",Rp 4.000.000.000,"Mampang Prapatan, Jakarta Selatan",8 KT - 6 KM - 600.0 m2
Rumah murah di meruyung limo depok dekat tol limo,Rp 165.000.000,"Kebayoran Lama, Jakarta Selatan",2 KT - 1 KM - 21 m2
Rumah 1 lantai di niaga hijau 1 kebayoran lama pondok indah jakarta se,Rp 7.350.000.000,"Kebayoran Lama, Jakarta Selatan",3 KT - 3 KM - 180 m2
Jual Secepatnya Harga Murah Apartemen Kalibata City Jakarta Selatan,Rp 450.000.000,"Pancoran, Jakarta Selatan",2 KT - 1 KM - 33 m2
Dijual Apartemen Kalibata Green Palace 2 BR Tipe B SHM,Rp 535.000.000,"Pancoran, Jakarta Selatan",2 KT - 1 KM - 42 m2
Dijual Rumah di Pondok Labu 2 Lantai Murah,Rp 6.000.000.000,"Cilandak, Jakarta Selatan",5 KT - 4 KM - 250 m2
Rumah cluster minimalis di meruyung limo depok,Rp 165.000.000,"Pasar Minggu, Jakarta Selatan",2 KT - 1 KM - 21 m2
Dijual Rumah Kemang Selatan VIII no 5 (pertigaan H Abu) Cipete Selatan,Rp 6.100.000.000,"Cilandak, Jakarta Selatan",2 KT - 3 KM - 200 m2
Dijual Rumah Di Permata Hijau 2 Jakarta Selatan Harga Nego,Rp 9.700.000.000,"Kebayoran Lama, Jakarta Selatan",5 KT - 5 KM - 630.0 m2
"MYZTRO, Rumah Pertamamu Dengan Kemewahan Terjangkau Cicilan 3 jtan",Rp 727.000.000,"Cilandak, Jakarta Selatan",2 KT - 1 KM - 36 m2
DI JUAL MUARAH APARTEMEN KALIBATA  CITY TOWER GAHARU  HOOK JAKSEL,Rp 340.000.000,"Pancoran, Jakarta Selatan",2 KT - 1 KM - 33 m2
Rumah Di Jati Padang Poncol Villa Lima Dijual Cepat,Rp 4.500.000.000,"Pasar Minggu, Jakarta Selatan",2 KT - 2 KM - 251 m2
Rumah cluster di meruyung depok dekat tol limo,Rp 165.000.000,"Pancoran, Jakarta Selatan",2 KT - 1 KM - 21 m2
Dijual Murah Unit Apartemen Kalibata City Type 2BR di Jakarta Selatan,Rp 380.000.000,"Pancoran, Jakarta Selatan",2 KT - 1 KM - 33 m2
Rumah minimalis di meruyung depok dekat tol limo,Rp 165.000.000,"Mampang Prapatan, Jakarta Selatan",2 KT - 1 KM - 21 m2
Rumah cluster di meruyung depok dekat tol limo,Rp 225.000.000,"Kebayoran Lama, Jakarta Selatan",2 KT - 1 KM - 30 m2
Rumah cluster bebas banjir di meruyung limo depok,Rp 225.000.000,"Cilandak, Jakarta Selatan",2 KT - 1 KM - 30 m2
Rumah cluster di meruyung limo depok,Rp 225.000.000,"Pancoran, Jakarta Selatan",2 KT - 1 KM - 30 m2
Rumah cluster di meruyung limo depok,Rp 225.000.000,"Pasar Minggu, Jakarta Selatan",2 KT - 1 KM - 30 m2
Rumah cluster di meruyung limo depok,Rp 225.000.000,"Mampang Prapatan, Jakarta Selatan",2 KT - 1 KM - 30 m2
Rumah dijual minimalis siap huni cilandak jakarta selatan strategis,Rp 7.800.000.000,"Cilandak, Jakarta Selatan",5 KT - 3 KM - 300 m2
Dijual rumah luas 530mtr siap huni di Lebak bulus Cilandak Jkt Selatan,Rp 13.000.000.000,"Cilandak, Jakarta Selatan",5 KT - 5 KM - 450 m2
Dijual Residence8 Senopati 3 kamar pribate lift harga paling murah,Rp 7.000.000.000,"Kebayoran Baru, Jakarta Selatan",3 KT - 3 KM - 180 m2
Rumah Dijual Brand New Murah Private Pool Di Permata Hijau,Rp 3.000.000.000,"Jakarta Selatan, Jakarta D.K.I.",4 KT - 3 KM - 130 m2
"Rumah dijual dekat TB Simatupang tanpa DP, Cicilan mulai 3 Jt-an",Rp 891.000.000,"Cilandak, Jakarta Selatan",>10 KT - 3 KM - 80 m2
Rumah Pejaten dekat stasiun dan tol Termurah cocok cluster kecil,Rp 9.000.000.000,"Pasar Minggu, Jakarta Selatan",6 KT - 3 KM - 500 m2
Dijual rumah 2 lantai siap huni di Pesanggrahan Jakarta Selatan,Rp 2.000.000.000,"Cilandak, Jakarta Selatan",6 KT - 3 KM - 210 m2
Dijual rumah 2 lantai siap huni di Lebak bulus Cilandak Jkrta Selatan,Rp 3.300.000.000,"Cilandak, Jakarta Selatan",5 KT - 4 KM - 250 m2
Dijual Rumah Menarik dan Mewah Siap Huni di Cipete Jakarta Selatan,Rp 10.500.000.000,"Cilandak, Jakarta Selatan",4 KT - 4 KM - 180 m2
Hunian di meruyung cinere depok dekat tol limo,Rp 275.000.000,"Pasar Minggu, Jakarta Selatan",2 KT - 1 KM - 30 m2
Rumah Mewah Minimalis 2-lantai Plus Rooftop Lokasi Premium Jagakarsa,Rp 860.000.000,"Pasar Minggu, Jakarta Selatan",3 KT - 2 KM - 92 m2
Rumah cluster di meruyung limo depok,Rp 275.000.000,"Mampang Prapatan, Jakarta Selatan",2 KT - 1 KM - 30 m2
Jk250.Rumah Bagus MURAH Full Furnish Dlm Komplek Pondok Labu Cilandak,Rp 3.200.000.000,"Cilandak, Jakarta Selatan",5 KT - 5 KM - 150 m2
Dijual Cepat Rumah Mewah Kemang Jakarta Selatan Fully Furnished,Rp 28.000.000.000,"Mampang Prapatan, Jakarta Selatan",8 KT - 6 KM - 600 m2
"Rumah Tua Hitung Tanah di Cilandak, Jakarta Selatan",Rp 25.000.000,"Cilandak, Jakarta Selatan",6 KT - 5 KM - 365 m2
Rumah Murah Pondok Indah,Rp 14.500.000.000,"Kebayoran Lama, Jakarta Selatan",5 KT - 4 KM - 425 m2
"Rumah Tua Hitung Tanah di Cilandak, Jakarta Selatan",Rp 25.000.000,"Cilandak, Jakarta Selatan",6 KT - 5 KM - 365 m2
Rumah Baru Asri Bintaro All in Free Biaya,Rp 1.500.000.000,"Pesanggrahan, Jakarta Selatan",4 KT - 4 KM - 145 m2
Dijual 2Kamar jadi 1 kamar  Tower Herbras lantai 21 Kalibata city,Rp 399.000.000,"Pancoran, Jakarta Selatan",2 KT - 1 KM - 35 m2
SHM Cash KREDIT BANK APARTEMEN KALIBATA CITY RESIDEN GREEN PALACE,Rp 255.000.000,"Pancoran, Jakarta Selatan",2 KT - 1 KM - 33 m2
rumah 2 lantai jalan besar di pondok indah jakarta selatan shm,Rp 17.500.000.000,"Kebayoran Lama, Jakarta Selatan",4 KT - 3 KM - 450 m2
"Rumah Tua Hitung Tanah di Cilandak, Jakarta Selatan",Rp 25.000.000,"Cilandak, Jakarta Selatan",6 KT - 5 KM - 365 m2
jual cepat Town house concept villa bali kawasan pejaten barat,Rp 14.800.000.000,"Pasar Minggu, Jakarta Selatan",1 KT - 5 KM - 380 m2
jual cepat Town house concept villa bali kawasan pejaten barat,Rp 14.800.000.000,"Pasar Minggu, Jakarta Selatan",1 KT - 5 KM - 380 m2
jual cepat Town house concept villa bali kawasan pejaten barat,Rp 14.800.000.000,"Pasar Minggu, Jakarta Selatan",1 KT - 5 KM - 380 m2
dijual rumah brandnew di Senopati area kebayoran baru,Rp 35.000.000.000,"Kebayoran Baru, Jakarta Selatan",5 KT - 6 KM - 600 m2
dijual rumah mewah di jln Metro pondok indah Jakarta selatan,Rp 88.000.000.000,"Kebayoran Lama, Jakarta Selatan",8 KT - 7 KM - 1200 m2
dijual rumah bagus di kenanga,Rp 20.000.000.000,"Pasar Minggu, Jakarta Selatan",7 KT - 6 KM - 800 m2
dijual rumah mewah clasic di kebayoran lama Jakarta selatan,Rp 29.000.000.000,"Kebayoran Lama, Jakarta Selatan",7 KT - 6 KM - 1000 m2
dijual rumah mewah di kebayoran baru jakarta selatan,Rp 19.000.000.000,"Kebayoran Baru, Jakarta Selatan",4 KT - 5 KM - 380 m2
dijual rumah di Senopati area kebayoran baru jakarta selatan m,Rp 28.000.000.000,"Kebayoran Baru, Jakarta Selatan",7 KT - 6 KM - 400 m2
dijual rumah di pejaten barat kemang,Rp 19.000.000.000,"Pasar Minggu, Jakarta Selatan",6 KT - 5 KM - 1000 m2
Rumah 2 lantai dalam cluster  dekat pintu tol exit krukut &exil limo,Rp 550.000.000,"Cilandak, Jakarta Selatan",3 KT - 2 KM - 52 m2
Dijual Apartemen 3BR di Grand ITC Permata Hijau,Rp 2.000.000.000,"Kebayoran Lama, Jakarta Selatan",3 KT - 2 KM - 127 m2
"Dijual murah,Apartemen Kalibata city,green palace tower lotus",Rp 645.000.000,"Pancoran, Jakarta Selatan",3 KT - 1 KM - 52 m2
Dijual Rumah Smart Home 2 Lantai Daerah Pasar Minggu,Rp 3.700.000.000,"Pasar Minggu, Jakarta Selatan",3 KT - 2 KM - 180 m2
dijual rumah lama siap huni,Rp 31.000.000.000,"Jakarta Selatan, Jakarta D.K.I.",5 KT - 4 KM - 500 m2
dijual rumah lama siap huni di Ciranjang kebayoran baru,Rp 22.000.000.000,"Kebayoran Baru, Jakarta Selatan",6 KT - 5 KM - 240 m2
dijual rumah/guest house di kebayoran baru jakarta selatan,Rp 49.000.000.000,"Kebayoran Baru, Jakarta Selatan",10 KT - 9 KM - 1422 m2
Dijual rumah minimalis di Hang Jebat Kebayoran baru,Rp 31.000.000.000,"Kebayoran Baru, Jakarta Selatan",6 KT - 5 KM - 600 m2
dijual rumah bagus di Senopati jaksel 350/400m 21M,Rp 21.000.000.000,"Kebayoran Baru, Jakarta Selatan",5 KT - 5 KM - 400 m2
dijual rumah mewah di permata hijau jaksel 600/450m 29.5M,Rp 29.500.000.000,"Jakarta Selatan, Jakarta D.K.I.",5 KT - 4 KM - 450 m2
dijual rumah lama siap huni di permata hijau,Rp 20.000.000.000,"Jakarta Selatan, Jakarta D.K.I.",5 KT - 4 KM - 700 m2
dijual rumah mewah di warung buncit jaksel 783/1200m 17.5M,Rp 17.500.000.000,"Mampang Prapatan, Jakarta Selatan",8 KT - 7 KM - 1200 m2
"KPR rumah 1,5 lantai modern dekat stasiun kereta depok",Rp 499.990.000,"Pasar Minggu, Jakarta Selatan",2 KT - 1 KM - 45 m2
Full Furnished ‼️ Villa Cantik Kusuma Pinus Batu,Rp 2.700.000.000,"Pesanggrahan, Jakarta Selatan",4 KT - 3 KM - 170 m2
dijual rumah lama siap huni di pondok indah 348/300m 11.5M,Rp 12.000.000.000,"Kebayoran Lama, Jakarta Selatan",5 KT - 5 KM - 300 m2
DIJUAL RUMAH DALAM CLUSTER KAWASAN CILANDAK SEMI FURNISHED,Rp 12.300.000.000,"Cilandak, Jakarta Selatan",5 KT - 4 KM - 465 m2
"Dijual nego sampai deal  rumah lebak bulus, dekat MRT, kompleks, SHM",Rp 3.300.000.000,"Cilandak, Jakarta Selatan",4 KT - 3 KM - 288 m2
Rumah Mewah Ada Lift Lokasi Prime Area Kebayoran Baru RSPP,Rp 19.000.000.000,"Kebayoran Baru, Jakarta Selatan",7 KT - 8 KM - 600 m2
Dijual rumah klasik harga menarik at Pondok Indah Jakarta Selatan,Rp 50.000.000.000,"Kebayoran Lama, Jakarta Selatan",8 KT - 8 KM - 852 m2
dijual rumah mewah di Cipete utara kebayoran baru 330/235m 35M,Rp 10.500.000.000,"Kebayoran Baru, Jakarta Selatan",7 KT - 6 KM - 500 m2
dijual rumah baru di Pekayon ampera,Rp 6.700.000.000,"Pasar Minggu, Jakarta Selatan",4 KT - 4 KM - 332 m2
dijual rumah tua hitung tanah dekat Senopati kebayoran baru,Rp 16.425.000.000,"Kebayoran Baru, Jakarta Selatan",4 KT - 3 KM - 150 m2
dijual rumah mewah di Jati padang townhouse 600/500m 12M,Rp 12.000.000.000,"Pasar Minggu, Jakarta Selatan",7 KT - 6 KM - 500 m2
dijual rumah lama siap huni di kebayoran baru,Rp 5.700.000.000,"Kebayoran Baru, Jakarta Selatan",9 KT - 3 KM - 160 m2
dijual rumah lama siap huni di cibulan Jakarta selatan,Rp 9.800.000.000,"Kebayoran Baru, Jakarta Selatan",5 KT - 4 KM - 350 m2
dijual rumah di area Radio dalam fatmawati Jakarta selatan,Rp 12.000.000.000,"Jakarta Selatan, Jakarta D.K.I.",10 KT - 4 KM - 600 m2
dijual rumah bagus di Rawa Simprug Jakarta Selatan 300/350m 5.8M,Rp 5.500.000.000,"Kebayoran Baru, Jakarta Selatan",4 KT - 3 KM - 250 m2
dijual rumah baru di alam segar pondok indah Jakarta selatan,Rp 9.000.000.000,"Kebayoran Lama, Jakarta Selatan",6 KT - 5 KM - 400 m2
dijual rumah bagus di komplek lebak bulus belakang terminal,Rp 11.500.000.000,"Kebayoran Lama, Jakarta Selatan",7 KT - 6 KM - 880 m2
dijual rumah baru di cilandak Jakarta selatan 580/650m 14M,Rp 14.000.000.000,"Cilandak, Jakarta Selatan",6 KT - 5 KM - 650 m2
Dijual Rumah Asri Lokasi Strategis di Cidodol Kebayoran Lama,Rp 5.700.000.000,"Kebayoran Lama, Jakarta Selatan",3 KT - 3 KM - 150 m2
Miliki Rumah siap Huni di Mampang Prapatan Jakarta Selatan,Rp 4.800.000.000,"Mampang Prapatan, Jakarta Selatan",4 KT - 5 KM - 300 m2
Rumah baru mini cluster minimalis murah jaksel siap huni compact,Rp 1.700.000.000,"Pesanggrahan, Jakarta Selatan",4 KT - 3 KM - 110 m2
Rumah dijual  dekat lebak bulus bisa cicil 80x tanpa bunga tanpa bank,Rp 1.500.000.000,"Jakarta Selatan, Jakarta D.K.I.",3 KT - 2 KM - 104 m2
dijual rumah lama siap huni di pondok pinang,Rp 5.000.000.000,"Kebayoran Lama, Jakarta Selatan",4 KT - 3 KM - 200 m2
dijual rumah bagus di area permata hijau Jakarta selatan,Rp 11.000.000.000,"Jakarta Selatan, Jakarta D.K.I.",5 KT - 5 KM - 575 m2
dijual rumah bagus di cipete utara kebayoran baru,Rp 7.000.000.000,"Kebayoran Baru, Jakarta Selatan",6 KT - 5 KM - 325 m2
dijual rumah bagus di cipete utara kebayoran baru,Rp 4.400.000.000,"Kebayoran Baru, Jakarta Selatan",6 KT - 5 KM - 320 m2
dijual rumah bagus di cilandak Jakarta,Rp 6.000.000.000,"Cilandak, Jakarta Selatan",8 KT - 7 KM - 400 m2
dijual rumah mewah di cilandak townhouse fatmawati Jakarta selatan,Rp 4.200.000.000,"Cilandak, Jakarta Selatan",4 KT - 4 KM - 200 m2
dijual apartemen mewah senayan city residence,Rp 6.500.000.000,"Kebayoran Baru, Jakarta Selatan",4 KT - 3 KM - 165 m2
dijual apartemen mewah Gatot Subroto jakarta pusat,Rp 9.000.000.000,"Mampang Prapatan, Jakarta Selatan",5 KT - 4 KM - 478 m2
dijual apartemen mewah di Tebet Mt Haryono,Rp 2.300.000.000,"Pancoran, Jakarta Selatan",2 KT - 2 KM - 52 m2
dijual apartemen sky garden setiabudi,Rp 6.200.000.000,"Mampang Prapatan, Jakarta Selatan",4 KT - 3 KM - 155 m2
dijual apartemen Eminance darmawangsa,Rp 2.200.000.000,"Kebayoran Baru, Jakarta Selatan",2 KT - 1 KM - 83 m2
"Dijual Cepat Rumah Cocok Untuk Keluarga, Lokasi Strategis",Rp 1.965.000.000,"Jakarta Selatan, Jakarta D.K.I.",2 KT - 1 KM - 100 m2
"DIJUAL Rumah Asri di Komplek Timah Fatmawati , Jakarta Selatan",Rp 7.185.000.000,"Cilandak, Jakarta Selatan",4 KT - 4 KM - 200 m2
"Jual Termurah  Pakubuwono View 3 BR, 196 sqm, Unfurnished",Rp 6.200.000.000,"Kebayoran Lama, Jakarta Selatan",3 KT - 2 KM - 196 m2
Precium Simatupang Tipe Lebar 7,Rp 7.822.080.000,"Cilandak, Jakarta Selatan",4 KT - 3 KM - 251 m2
dijual apartemen mewah Pakubuwono,Rp 23.000.000.000,"Kebayoran Baru, Jakarta Selatan",4 KT - 5 KM - 517 m2
Dijual tanah ukuran 996 di Perumahan Green Permata by Agung Podomoro,Rp 13.440.000.000,"Pesanggrahan, Jakarta Selatan",3 KT - 3 KM - 996 m2
"Dijual rumah di daerah Cipete Utara, lengkap dengan kolam renang",Rp 12.000.000.000,"Cilandak, Jakarta Selatan",4 KT - 3 KM - 345 m2
Dijual Tanah di Perumahan Green Permata Jakarta Selatan bebas banjir,Rp 4.171.500.000,"Pesanggrahan, Jakarta Selatan",1 KT - 1 KM - 309 m2
dijual apartemen/office Soho Pancoran jakarta selatan,Rp 2.700.000.000,"Pancoran, Jakarta Selatan",2 KT - 2 KM - 102 m2
Dijual cepat Apartement diThe Penthouse Senopati view Bundaran Senayan,Rp 4.000.000.000,"Kebayoran Baru, Jakarta Selatan",2 KT - 3 KM - 132 m2
Dijual apartement 2BR di the Penthouse Senopati di Jakarta Selatan,Rp 3.700.000.000,"Kebayoran Baru, Jakarta Selatan",2 KT - 3 KM - 132 m2
DI jual space office dan hunian di SOHO PANCORAN.,Rp 2.750.000.000,"Pancoran, Jakarta Selatan",1 KT - 2 KM - 102 m2
"Dijual space Office dan hunian di SOHO Pancoran, dengan konsep modern",Rp 2.750.000.000,"Pancoran, Jakarta Selatan",1 KT - 3 KM - 102 m2
FOR SALE APARTEMENT DICASABLANCA MANSION VIEW KOLAM RENANG,Rp 1.300.000.000,"Pancoran, Jakarta Selatan",1 KT - 1 KM - 42 m2
Dijual Rumah Mewah Townhouse Pejaten Barat Jakarta Selatan,Rp 13.500.000.000,"Pasar Minggu, Jakarta Selatan",3 KT - 3 KM - 350 m2
Kalibata Indah Perumahan Favorit di Jakarta Selatan,Rp 5.500.000.000,"Pancoran, Jakarta Selatan",5 KT - 4 KM - 200 m2
RUMAH MODERN TROPICAL CILANDAK BELAKANG CITOS,Rp 8.500.000.000,"Cilandak, Jakarta Selatan",5 KT - 5 KM - 242.0 m2
Panorama Terrace Tipe B,Rp 2.500.000.000,"Pesanggrahan, Jakarta Selatan",5 KT - 4 KM - 160 m2
Rumah Dijual Murah Di Pondok Indah,Rp 5.200.000.000,"Kebayoran Lama, Jakarta Selatan",4 KT - 4 KM - 260 m2
Dijual Rumah Di Jl Haji Syaip Ujung Kav 2 Jakarta Selatan,Rp 12.500.000.000,"Cilandak, Jakarta Selatan",6 KT - 5 KM - 625 m2
Di Jual Rumah Pondok Indah View Golf,Rp 200.000.000.000,"Kebayoran Lama, Jakarta Selatan",6 KT - 6 KM - 1440 m2
Di Jual Rumah Super Mewah Dekat Golf Pondok Indah,Rp 120.000.000.000,"Kebayoran Lama, Jakarta Selatan",6 KT - 7 KM - 2700 m2
Di Jual Rumah Mewah Pondok Indah,Rp 100.000.000.000,"Kebayoran Lama, Jakarta Selatan",6 KT - 6 KM - 2700 m2
Di Jual Rumah Baru Di Pondok Indah,Rp 85.000.000.000,"Kebayoran Lama, Jakarta Selatan",5 KT - 6 KM - 1700 m2
"Rumah jalan cempedak, pejaten barat",Rp 36.000.000.000,"Pasar Minggu, Jakarta Selatan",4 KT - 4 KM - 758 m2
Rumah tropical modern pondok indah Jaksel,Rp 19.000.000.000,"Kebayoran Lama, Jakarta Selatan",4 KT - 4 KM - 603 m2
Rumah Lebak bulus jaksel,Rp 15.500.000.000,"Jakarta Selatan, Jakarta D.K.I.",4 KT - 5 KM - 450 m2
Viridia town house daerah kota jakarta selatan Cilandak,Rp 5.750.000.000,"Cilandak, Jakarta Selatan",3 KT - 2 KM - 275 m2
Rumah jalan Wijaya timur daerah Kebayoran Baru jaksel,Rp 12.900.000.000,"Kebayoran Baru, Jakarta Selatan",5 KT - 3 KM - 300 m2
Rumah daerah Pesanggrahan daerah jakarta selatan,Rp 4.200.000.000,"Pesanggrahan, Jakarta Selatan",1 KT - 1 KM - 209 m2
Dijual - Rmh Minimalis sebelah stasiun MRT Lebak Bulus,Rp 1.700.000.000,"Cilandak, Jakarta Selatan",4 KT - 3 KM - 180 m2
DIJUAL CEPAT MURAH CLUSTER INTEGRA SERENIA ESTATE PONDOK INDAH,Rp 4.500.000.000,"Kebayoran Lama, Jakarta Selatan",3 KT - 3 KM - 177 m2
Rumah Taman Luas & Asri di Tengah Kota Jakarta,Rp 17.250.000.000,"Mampang Prapatan, Jakarta Selatan",5 KT - 5 KM - 536 m2
Panorama Terrace Tipe D,Rp 2.900.000.000,"Pesanggrahan, Jakarta Selatan",4 KT - 4 KM - 180 m2
Di Jual Cepat Rumah Di Bawah Harga NJOP Jarang Ada,Rp 2.350.000.000,"Pasar Minggu, Jakarta Selatan",4 KT - 2 KM - 220 m2
Apartemen Fatmawati city center daerah Cilandak Jakarta Selatan,Rp 2.525.000.000,"Cilandak, Jakarta Selatan",2 KT - 1 KM - 51 m2
Rumah Asri Nyaman Posisi Hook di Pondok Indah Jaksel,Rp 13.900.000.000,"Kebayoran Lama, Jakarta Selatan",3 KT - 4 KM - 450 m2
"DIJUAL CEPAT APARTEMEN KEMANG VILLAGE 2,3M (Turun Harga)",Rp 2.300.000.000,"Mampang Prapatan, Jakarta Selatan",2 KT - 2 KM - 124 m2
Rumah Semifurnish Elegan di Lokasi Premium Jakarta Selatan,Rp 15.000.000.000,"Kebayoran Lama, Jakarta Selatan",4 KT - 3 KM - 290 m2
Rumah siap huni di Ampera Dekat TB Simatuoang Ada kolam Renang Pribadi,Rp 26.000.000.000,"Pasar Minggu, Jakarta Selatan",6 KT - 6 KM - 800 m2
Unit Primary! 2BR Antasari Place Cilandak Cukup 20JT Bisa KPA,Rp 2.728.802.000,"Cilandak, Jakarta Selatan",2 KT - 1 KM - 65 m2
Rumah Baru Desain Modern Lokasi Strategis di Kalibata,Rp 3.900.000.000,"Pancoran, Jakarta Selatan",5 KT - 4 KM - 199 m2
Rumah Baru Lokasi Strategis di Kalibata Jakarta Selatan,Rp 4.500.000.000,"Pancoran, Jakarta Selatan",7 KT - 6 KM - 354 m2
Rumah cluster di meruyung cinere depok dekat tol limo,Rp 275.000.000,"Mampang Prapatan, Jakarta Selatan",2 KT - 1 KM - 30 m2
Rumah Posisi Hook Dalam Cluster Strategis di Lebak Bulus,Rp 7.200.000.000,"Cilandak, Jakarta Selatan",4 KT - 3 KM - 275 m2
Dijual murah Apartemen kalibata city resident tower flamboyan,Rp 335.000.000,"Pancoran, Jakarta Selatan",2 KT - 1 KM - 33 m2
"Rumah DIJUAL Cepat & Murah ,Kemang dibawah NJOP",Rp 8.500.000.000,"Mampang Prapatan, Jakarta Selatan",5 KT - 5 KM - 300 m2
Rumah Secondary Terawat di Kebagusan Jakarta Selatan,Rp 3.500.000.000,"Pasar Minggu, Jakarta Selatan",6 KT - 4 KM - 168 m2
"Quick Sale Pondok Indah Resd, Luxurious FF",Rp 3.900.000.000,"Kebayoran Lama, Jakarta Selatan",1 KT - 1 KM - 80.0 m2
Rumah 2 Lantai Lokasi Strategis di Jati Padang Jakarta Selatan,Rp 7.900.000.000,"Pasar Minggu, Jakarta Selatan",4 KT - 4 KM - 450 m2
"Rumah Siap Huni di Cipete, Cilandak Row Jalan Lebar Bisa Untuk Kantor",Rp 15.500.000.000,"Cilandak, Jakarta Selatan",5 KT - 6 KM - 400 m2
"Rumah Siap Huni di Cipete, Cilandak Row Jalan Lebar Bisa Untuk Kantor",Rp 15.500.000.000,"Cilandak, Jakarta Selatan",5 KT - 6 KM - 400 m2
Apartment 1Park Avenue Tower Hamilton High Floor Semi Furnished,Rp 7.000.000.000,"Kebayoran Lama, Jakarta Selatan",2 KT - 2 KM - 146 m2
Rumah Brand New Dalam Clustes di Kebagusan Jaksel,Rp 2.300.000.000,"Pasar Minggu, Jakarta Selatan",3 KT - 3 KM - 120 m2
Hanya dengan 20 Juta! Dijual 1 Kamar Antasari Place Cilandak,Rp 1.789.860.000,"Cilandak, Jakarta Selatan",1 KT - 1 KM - 42 m2
Dijual Rumah tinggal + Kamar Kost 10 di Pancoran Jakarta Selatan,Rp 3.000.000.000,"Pancoran, Jakarta Selatan",>10 KT - >10 KM - 370 m2
beli apartemen gratis motor!,Rp 389.000.000,"Mampang Prapatan, Jakarta Selatan",1 KT - 1 KM - 22 m2
Rumah Dalam Cluster One Gate Dengan Private Pool di Jaksel,Rp 8.000.000.000,"Pasar Minggu, Jakarta Selatan",4 KT - 3 KM - 385 m2
Apartemen 1Park Residence 2BR High Floor Fully Furnished,Rp 2.300.000.000,"Kebayoran Baru, Jakarta Selatan",2 KT - 2 KM - 91 m2
Rumah Dalam Cluster di Kebagusan Fasilitas Lengkap,Rp 4.200.000.000,"Pasar Minggu, Jakarta Selatan",4 KT - 4 KM - 220 m2
"Jual Apartemen Bitaro Tower A, Siap Huni, Murah & Harga Bisa Nego",Rp 450.000.000,"Pesanggrahan, Jakarta Selatan",1 KT - 1 KM - 22 m2
For Sale Town house  3 Lt area  Fatmawati Jakarta,Rp 2.300.000.000,"Cilandak, Jakarta Selatan",4 KT - 2 KM - 109 m2
Rumah Modern Full Furnished  dekat MRT H Nawi,Rp 19.000.000.000,"Cilandak, Jakarta Selatan",5 KT - 5 KM - 800 m2
South Quarter Residence Tipe 2 BR Corner,Rp 3.724.637.590,"Cilandak, Jakarta Selatan",2 KT - 2 KM - 86 m2
Apartemen 1Park Avenue Tower Royal 3BR Fully Furnished,Rp 6.100.000.000,"Kebayoran Lama, Jakarta Selatan",3 KT - 2 KM - 177 m2
Cukup 20 Juta! Studio Antasari Place Cilandak Bisa KPA Bank,Rp 1.190.000.000,"Cilandak, Jakarta Selatan",1 KT - 1 KM - 28 m2
Rumah cluster di meruyung cinere depok,Rp 200.000.000,"Pancoran, Jakarta Selatan",2 KT - 1 KM - 25 m2
Rumah cluster di cinere depok,Rp 225.000.000,"Pasar Minggu, Jakarta Selatan",2 KT - 1 KM - 30 m2
Rumah cluster di cinere depok,Rp 225.000.000,"Pesanggrahan, Jakarta Selatan",2 KT - 1 KM - 30 m2
Rumah bebas banjir di cinere depok,Rp 225.000.000,"Mampang Prapatan, Jakarta Selatan",2 KT - 1 KM - 30 m2
apartemen siap huni 1 jutaan  di selatan jakarta gratis motor !,Rp 389.000.000,"Pesanggrahan, Jakarta Selatan",1 KT - 1 KM - 22 m2
Rumah cluster di meruyung cinere depok dekat tol limo,Rp 225.000.000,"Kebayoran Lama, Jakarta Selatan",2 KT - 1 KM - 30 m2
Rumah cluster di meruyung cinere depok,Rp 225.000.000,"Pasar Minggu, Jakarta Selatan",2 KT - 1 KM - 30 m2
Rumah cluster di meruyung limo depok,Rp 225.000.000,"Pancoran, Jakarta Selatan",2 KT - 1 KM - 30 m2
Rumah cluster di meruyung limo depok dekat tol limo,Rp 225.000.000,"Mampang Prapatan, Jakarta Selatan",2 KT - 1 KM - 30 m2
RUMAH BARU DEKAT MRT CIPETE,Rp 4.350.000.000,"Cilandak, Jakarta Selatan",4 KT - 4 KM - 220.0 m2
Dijual Rumah Cantik Harga Nego Di Jalan Kenanga Ampera Jakarta Selatan,Rp 22.000.000.000,"Pasar Minggu, Jakarta Selatan",4 KT - 3 KM - 1100 m2
Apartemen di Jakarta Selatan Gardenia Boulevard,Rp 3.750.000,"Pasar Minggu, Jakarta Selatan",1 KT - 1 KM - 34 m2
Rumah Mewah di  Permata Hijau Kebayoran Lama Jakarta Selata,Rp 17.000.000.000,"Kebayoran Lama, Jakarta Selatan",5 KT - 5 KM - 500 m2
Rumah dalam Cluster dengan Swimming Pool di Lebak Bulus Jaksel,Rp 7.000.000.000,"Cilandak, Jakarta Selatan",5 KT - 4 KM - 540 m2
Bangunan Komersil Cocok Untuk Kantor di Pasar Minggu,Rp 23.000.000.000,"Pasar Minggu, Jakarta Selatan",5 KT - 5 KM - 900 m2
apartemen diselatan jakarta 1 jutaan siap huni gratis motor!,Rp 389.000.000,"Pasar Minggu, Jakarta Selatan",1 KT - 1 KM - 22 m2
DiJual Apartemen H Residence MT Haryono New FURNISHED,Rp 700.000.000,"Pasar Minggu, Jakarta Selatan",1 KT - 1 KM - 37 m2
DiJual Super Cepat Rumah Mewah Posisi Hook di Sawangan  Depok,Rp 3.500.000.000,"Mampang Prapatan, Jakarta Selatan",5 KT - 4 KM - 282 m2
Condotel Harper MT Haryono Dijual Cepat Harga miring,Rp 590.000.000,"Pasar Minggu, Jakarta Selatan",1 KT - 1 KM - 31 m2
Apartemen H Residence Dijual Cepat (Hot Price) TURUN HARGA,Rp 625.000.000,"Pasar Minggu, Jakarta Selatan",1 KT - 1 KM - 37 m2
Dijual Super HOT Apartemen KUNINGAN CITY TOWER UBUD,Rp 1.900.000.000,"Pasar Minggu, Jakarta Selatan",2 KT - 1 KM - 60 m2
Jual Cpt Rumah Modern Asri Kebagusan Jaksel,Rp 2.900.000.000,"Pasar Minggu, Jakarta Selatan",5 KT - 4 KM - 200 m2
DIJUAL RUMAH MEWAH CILANDAK ADA KOLAM RENANG,Rp 8.500.000.000,"Cilandak, Jakarta Selatan",3 KT - 3 KM - 242 m2
The Samara - Rumah Baru 2 lantai Desain Modern Classic,Rp 2.450.000.000,"Cilandak, Jakarta Selatan",4 KT - 3 KM - 110 m2
Dijual Apartemen Residence 8 Senopati 3 Bedroom ceiling tinggi nego,Rp 7.200.000.000,"Kebayoran Baru, Jakarta Selatan",3 KT - 3 KM - 180 m2
Dijual Cepat Apartement The Wave Tower coral Dibawah harga pasaran,Rp 980.000.000,"Pasar Minggu, Jakarta Selatan",2 KT - 1 KM - 60 m2
DiJual Sesuai Harga NJOP Rumah Di Komplek  Unilever Jakarta selatan,Rp 5.000.000.000,"Pasar Minggu, Jakarta Selatan",5 KT - 3 KM - 400 m2
beli apartemen siap huni di Selatan Jakarta  gratis motor!,Rp 389.000.000,"Cilandak, Jakarta Selatan",1 KT - 1 KM - 22 m2
beli apartemen siap huni di bsd serpong dapat  MOTOR!,Rp 389.000.000,"Kebayoran Baru, Jakarta Selatan",1 KT - 1 KM - 22 m2
beli apartemen 1 jutaan siap huni di  bsd serpong gratis motor!,Rp 389.000.000,"Kebayoran Lama, Jakarta Selatan",1 KT - 1 KM - 22 m2
beli apartemen 1 jutaan siap huni di  bsd serpong gratis motor!,Rp 389.000.000,"Kebayoran Lama, Jakarta Selatan",1 KT - 1 KM - 22 m2
beli apartemen di bsd serpong dapat motor!,Rp 389.000.000,"Cilandak, Jakarta Selatan",1 KT - 1 KM - 22 m2
"Dijual Rumah Kantor dan Kost di Jalan Dwijaya Raya 7, Gandaria Utara -",Rp 25.000.000.000,"Kebayoran Baru, Jakarta Selatan",>10 KT - >10 KM - 464 m2
"Jual Cepat Rumah Jl. Terogong Kecil, Pondok Pinang, Jakarta",Rp 21.000.000.000,"Kebayoran Lama, Jakarta Selatan",4 KT - 4 KM - 934 m2
"Rumah di Jual di Jl. Wijaya Raya, Gandaria Utara - Jaksel",Rp 45.000.000.000,"Kebayoran Baru, Jakarta Selatan",5 KT - 5 KM - 300 m2
RUMAH MEWAH HARGA MEPET DEKAT NJOP KAWASAN PERMATA HIJAU,Rp 6.800.000.000,"Kebayoran Lama, Jakarta Selatan",4 KT - 4 KM - 450 m2
Apartemen Gardenia Boulevard Jakarta Selatan - Harga Nego,Rp 600.000.000,"Pasar Minggu, Jakarta Selatan",1 KT - 1 KM - 34 m2
Jual rumah HARGA MURAHDIBAWAH NJOP lokasi depan busway kebayoran lama,Rp 7.000.000.000,"Kebayoran Lama, Jakarta Selatan",8 KT - 3 KM - 200 m2
HOT SALE!!!Rumah 2 lantai siap huni di Bintaro Jaya Sektor 1,Rp 3.850.000.000,"Kebayoran Baru, Jakarta Selatan",4 KT - 3 KM - 200 m2
Dijual Apartemen Kalibata City Kemuning 2 BR SHM,Rp 349.000.000,"Pancoran, Jakarta Selatan",2 KT - 1 KM - 33 m2
Rumah dijual di area Ragunan Pasar Minggu Jakarta Selatan,Rp 7.000.000.000,"Pasar Minggu, Jakarta Selatan",5 KT - 3 KM - 300 m2
Rumah Di Komplek Unilever Pesanggrahan Jaksel,Rp 13.000.000.000,"Pesanggrahan, Jakarta Selatan",3 KT - 3 KM - 150 m2
Rumah Perlu Renov Harga Termurah di Bintaro Jaksel,Rp 1.500.000.000,"Pesanggrahan, Jakarta Selatan",2 KT - 2 KM - 68 m2
Rumah Di jual Dalam cluster lokasi  pinang ciledug tanggerang,Rp 850.000.000,"Kebayoran Lama, Jakarta Selatan",3 KT - 2 KM - 90 m2
Aparteman Aspen Residence 3 kamar furnished.,Rp 1.800.000.000,"Cilandak, Jakarta Selatan",3 KT - 2 KM - 90 m2
"Dijual Rumah di Jln. Permata Hijau, Kebayoran Lama, Jakarta Selatan",Rp 8.500.000.000,"Kebayoran Lama, Jakarta Selatan",4 KT - 3 KM - 625 m2
Dijual rumah desain klasik di area Cilandak,Rp 12.500.000.000,"Pasar Minggu, Jakarta Selatan",7 KT - 5 KM - 705 m2
Rumah Apik harga tetjangkau Di Bintaro Sektor 7,Rp 4.500.000.000,"Pesanggrahan, Jakarta Selatan",5 KT - 4 KM - 250 m2
Apartment 1Park Avenue Tower Hamilton 2BR +1 Furnished,Rp 5.000.000.000,"Kebayoran Baru, Jakarta Selatan",2 KT - 2 KM - 146 m2
Rumah Lama Area Komersial Di Patal Senayan Jaksel,Rp 55.000.000.000,"Kebayoran Lama, Jakarta Selatan",5 KT - 5 KM - 665 m2
Perumahan KBI kalibatan jakarta selatan,Rp 8.000.000.000,"Pasar Minggu, Jakarta Selatan",5 KT - 5 KM - 380 m2
Jual Rumah Cilandak Jakarta Selatan 4 BR Unfurnished,Rp 35.000.000.000,"Cilandak, Jakarta Selatan",4 KT - 4 KM - 796 m2
"Apart Kalibata City Tower Terdepan, Hook, di atas Kalibata City Square",Rp 380.000.000,"Pancoran, Jakarta Selatan",2 KT - 1 KM - 36 m2
Kebayoran Baru rumah kantor bangunan tua lokasi strategis,Rp 36.500.000.000,"Kebayoran Baru, Jakarta Selatan",4 KT - 3 KM - 315 m2
Apartemen Four Winds 3BR 146m2 dijual Cepat,Rp 6.000.000.000,"Kebayoran Lama, Jakarta Selatan",4 KT - 3 KM - 148 m2
Dijual Rumah Menarik dan Ada Fasilitas Kolam Renang di Cipete Jaksel,Rp 10.500.000.000,"Cilandak, Jakarta Selatan",4 KT - 4 KM - 180 m2
Rumah Dijual Cepat Murah Di Komplek Lebak Lestari Lebak Bulus Jaksel,Rp 3.250.000.000,"Cilandak, Jakarta Selatan",2 KT - 2 KM - 100 m2
DI JUAL RUMAH SANGAT MURAH DI BAWAH HARGA PASARAN MENDEKATI HARGA NJOP,Rp 950.000.000,"Pasar Minggu, Jakarta Selatan",2 KT - 1 KM - 100 m2
Rumah luas besar di Bintaro harga miring.,Rp 3.980.000.000,"Pesanggrahan, Jakarta Selatan",6 KT - 4 KM - 200 m2
Dijual Cepat Rumah Mewah Jakarta Selatan,Rp 21.000.000.000,"Cilandak, Jakarta Selatan",5 KT - 5 KM - 500 m2
Dijual Ruman Secondary di Pd. Labu Cilandak Jakarta selatan,Rp 1.100.000.000,"Cilandak, Jakarta Selatan",4 KT - 2 KM - 110 m2
Rumah Dijual Cepat Murah Siap Huni Di Jeruk Purut Cilandak Jaksel,Rp 3.500.000.000,"Pasar Minggu, Jakarta Selatan",5 KT - 3 KM - 175 m2
Rumah Kebayoran Bintaro Harga terjangkau,Rp 5.500.000.000,"Pesanggrahan, Jakarta Selatan",5 KT - 5 KM - 225 m2
Dijual Cepat Apartemen Gardenia Boulevard Pejaten Jakarta Selatan,Rp 900.000.000,"Pasar Minggu, Jakarta Selatan",2 KT - 1 KM - 48 m2
Dijual Rumah Baru dan Mewah di Pondok Indah Jakarta Selatan,Rp 34.000.000.000,"Kebayoran Lama, Jakarta Selatan",4 KT - 4 KM - 525 m2
Rumah Mewah siap huni di Pondok Indah Jakarta Selatan,Rp 45.000.000.000,"Kebayoran Lama, Jakarta Selatan",5 KT - 4 KM - 700 m2
Antasari Place Tipe 2BR,Rp 2.728.802.000,"Cilandak, Jakarta Selatan",2 KT - 1 KM - 65 m2
rumah secondary siap huni jatipadang utara,Rp 12.500.000.000,"Pasar Minggu, Jakarta Selatan",5 KT - 5 KM - 400 m2
Rumah Asri Terawat Depan Taman di Martimbang,Rp 50.000.000.000,"Kebayoran Baru, Jakarta Selatan",4 KT - 4 KM - 450 m2
DIJUAL CEPAT MURAH DIBAWAH NJOP RUMAH MEWAH DI KEMANG AREA,Rp 14.500.000.000,"Pasar Minggu, Jakarta Selatan",5 KT - 5 KM - 384 m2
JUAL CEPAT RUMAH CANTIK KALIBATA,Rp 2.300.000.000,"Pancoran, Jakarta Selatan",3 KT - 2 KM - 175 m2
Rumah Vanya Park di BSD New Brand,Rp 3.200.000.000,"Pesanggrahan, Jakarta Selatan",4 KT - 3 KM - 108 m2
Jual rumah di lenteng agung,Rp 3.000.000.000,"Pasar Minggu, Jakarta Selatan",4 KT - 3 KM - 109 m2
Dijual Rumah Luas di Pesanggrahan Jaksel,Rp 15.500.000.000,"Pesanggrahan, Jakarta Selatan",7 KT - 5 KM - 600 m2
Dijual Rumah Tua Hitung Tanah Lebak Bulus,Rp 1.200.000.000,"Cilandak, Jakarta Selatan",3 KT - 3 KM - 150 m2
"THE ASPEN RESIDENCE ADMIRALTY FATMAWATI JAK-SEL , Tower A Full Furnish",Rp 2.250.000.000,"Jakarta Selatan, Jakarta D.K.I.",4 KT - 3 KM - 102 m2
"DIJUAL BANGUNAN KOMERSIIL ,COCOK UNTUK USAHA atau KANTOR",Rp 8.000.000.000,"Jakarta Selatan, Jakarta D.K.I.",3 KT - 7 KM - 385 m2
Dijual Gedung Kantor di Petogogan Cocok Untuk usaha Kantor/Salon,Rp 16.000.000.000,"Kebayoran Baru, Jakarta Selatan",8 KT - 5 KM - 300 m2
DIJUAL SEGERA UNIT APT ASPEN RESIDENCE   ADMIRALTY [TOWER B] Fatmawati,Rp 1.800.000.000,"Cilandak, Jakarta Selatan",3 KT - 2 KM - 88 m2
Dijual Rumah Baru Semi Furnish Lokasi Strategis Pondok Labu Jaksel,Rp 5.950.000.000,"Cilandak, Jakarta Selatan",3 KT - 3 KM - 286 m2
Jual Cepat Rumah Mewah Ada Kolam Renang di Cipete Jakarta Selatan,Rp 10.500.000.000,"Cilandak, Jakarta Selatan",3 KT - 3 KM - 180 m2
"Dijual Rumah di River Valley Residence, Nego Sampai Jadi",Rp 6.500.000.000,"Cilandak, Jakarta Selatan",3 KT - 3 KM - 400 m2
DIJUAL MURAH RUMAH MEWAH DI CILANDAK JAKARTA SELATAN,Rp 23.000.000.000,"Cilandak, Jakarta Selatan",5 KT - 4 KM - 700 m2
Di jual cepat Turun Harga Apartemen pondok klub villa jakarta selatan,Rp 2.200.000.000,"Cilandak, Jakarta Selatan",2 KT - 2 KM - 98 m2
DIJUAL CEPAT TERMURAH RUMAH MEWAH PRIVATE POOL PERMATA HIJAU SENAYAN,Rp 27.000.000.000,"Kebayoran Lama, Jakarta Selatan",6 KT - 6 KM - 900 m2
Dijual Rumah Bagus dan Megah di Kebayoran Lama Jakarta Selatan,Rp 12.000.000.000,"Kebayoran Lama, Jakarta Selatan",7 KT - 4 KM - 420 m2
Rumah Baru 2 lantai sangat strategis di Pejaten Jakarta Selatan,Rp 3.000.000.000,"Pasar Minggu, Jakarta Selatan",5 KT - 4 KM - 300 m2
Jual Cepat Rumah Semi Furnish Ada Private Pool di Cipete JakSel,Rp 10.500.000.000,"Cilandak, Jakarta Selatan",3 KT - 3 KM - 180 m2
Rumah Dalam Komplek Selangkah ke MRT Lebak Bulus,Rp 4.750.000.000,"Cilandak, Jakarta Selatan",5 KT - 3 KM - 300 m2
Fast Sale Apartment Senopati Suites Tower 1,Rp 8.800.000.000,"Kebayoran Baru, Jakarta Selatan",3 KT - 3 KM - 191 m2
Apartemen 2 BR di One Bell Park Fatmawati Full Furnished,Rp 1.500.000.000,"Cilandak, Jakarta Selatan",2 KT - 1 KM - 47 m2
Rumah mewah 3 lantai + Private pool di Kebagusan Jakarta Selatan,Rp 4.250.000.000,"Pasar Minggu, Jakarta Selatan",6 KT - 6 KM - 270 m2
Dijual Apartement Point Square 2BR Full Furnished Lantai Rendah,Rp 1.500.000.000,"Cilandak, Jakarta Selatan",2 KT - 2 KM - 72 m2
Dijual Cepat!! Rumah Cluster Di Cinere Dekat MRT Lebak Bulus,Rp 1.400.000.000,"Cilandak, Jakarta Selatan",3 KT - 3 KM - 110 m2
Rumah di pinggir jalan cinangka depok,Rp 350.000.000,"Mampang Prapatan, Jakarta Selatan",2 KT - 1 KM - 36 m2
Rumah di pinggir jalan cinangka depok,Rp 275.000.000,"Mampang Prapatan, Jakarta Selatan",2 KT - 1 KM - 30 m2
Dijual unit di apartemen Signature Park (Tebet),Rp 1.100.000.000,"Pancoran, Jakarta Selatan",2 KT - 1 KM - 40 m2
Dijual Apartment Essence Darmawangsa Luas 168m2,Rp 3.800.000.000,"Kebayoran Baru, Jakarta Selatan",3 KT - 3 KM - 168 m2
APARTEMEN SIAP HUNI DI PERMATA HIJAU SUITES,Rp 2.900.000.000,"Kebayoran Lama, Jakarta Selatan",3 KT - 2 KM - 91.0 m2
Home Sweet Home di Bukit Mas Rempoa Bintaro Jakarta Selatan,Rp 7.600.000.000,"Pesanggrahan, Jakarta Selatan",3 KT - 3 KM - 500 m2
Dijual Cepatt!! Rumah Cluster Di Rempoa Dekat Pondok Indah Lebak Bulus,Rp 1.800.000.000,"Cilandak, Jakarta Selatan",4 KT - 3 KM - 120 m2
Rumah di pinggir jalan cinangka depok,Rp 285.000.000,"Mampang Prapatan, Jakarta Selatan",2 KT - 1 KM - 30 m2
Rumah di pinggir jalan cinangka depok,Rp 285.000.000,"Pancoran, Jakarta Selatan",2 KT - 1 KM - 30 m2
"Rumah di meruyung depok di pinggir jalan , bebas banjir",Rp 275.000.000,"Mampang Prapatan, Jakarta Selatan",2 KT - 1 KM - 30 m2
dijual cepat rumah mewah permata hijau senayan jakarta selatan,Rp 11.500.000.000,"Kebayoran Lama, Jakarta Selatan",4 KT - 4 KM - 500 m2
Dijual Cepat!! Rumah Dalam Cluster Di Cirendeu Dekat MRT Lebak Bulus,Rp 2.400.000.000,"Cilandak, Jakarta Selatan",3 KT - 2 KM - 150 m2
Brand New House American Classic 3 Lantai Best Price di Kalibata,Rp 3.400.000.000,"Pancoran, Jakarta Selatan",3 KT - 3 KM - 106 m2
Dijual Cepat!! Rumah Dalam Komplek Dikawasan Graha Hijau 2,Rp 3.250.000.000,"Pesanggrahan, Jakarta Selatan",4 KT - 4 KM - 198 m2
TURUN HARGA kost murah Mampang Prapatan Jaksel,Rp 650.000,"Mampang Prapatan, Jakarta Selatan",>10 KT - >10 KM - 360 m2
"Rumah tiga lantai dekat tol joglo, nempel senayan",Rp 1.800.000.000,"Pesanggrahan, Jakarta Selatan",3 KT - 2 KM - 138 m2
Rumah 2 lantai termurah di depok,Rp 750.000.000,"Pasar Minggu, Jakarta Selatan",3 KT - 2 KM - 60 m2
Dijamin Paling Murah 3BR Corner 180m2 Private Lift di Residence 8 SCBD,Rp 7.000.000.000,"Kebayoran Baru, Jakarta Selatan",3 KT - 2 KM - 180 m2
"Rumah Bagus Nuansa Mewah 2 Lantai Siap Huni, Lebak Bulus, Jakarta Sela",Rp 8.900.000.000,"Cilandak, Jakarta Selatan",5 KT - 4 KM - 305 m2
Apartemen kalibata green palace 2 br full furnished,Rp 439.000.000,"Pancoran, Jakarta Selatan",2 KT - 1 KM - 28 m2
DIJUAL CEPAT MURAH RUMAH MEWAH ADA KOLAM RENANG DI TB SIMATUPANG,Rp 5.800.000.000,"Pasar Minggu, Jakarta Selatan",5 KT - 4 KM - 253 m2
Rumah 2 lantai di depok dekat stasiun dan kampus ui,Rp 1.500.000.000,"Mampang Prapatan, Jakarta Selatan",4 KT - 4 KM - 100 m2
Rumah cluster di meruyung depok dekat tol limo,Rp 225.000.000,"Pancoran, Jakarta Selatan",2 KT - 1 KM - 30 m2
Rumah cluster di meruyung depok dekat tol limo,Rp 225.000.000,"Mampang Prapatan, Jakarta Selatan",2 KT - 1 KM - 30 m2
Rumah cluster di meruyung depok dekat tol limo,Rp 225.000.000,"Kebayoran Lama, Jakarta Selatan",2 KT - 1 KM - 30 m2
HOT SALE!!!Rumah siap huni posisi hook di Simprug Kebayoran Jak-Sel,Rp 5.700.000.000,"Kebayoran Baru, Jakarta Selatan",3 KT - 3 KM - 250 m2
Dijual rumah termurah mewah strategis di Pesanggrahan Jakarta Selatan,Rp 3.667.860.000,"Pesanggrahan, Jakarta Selatan",4 KT - 3 KM - 220 m2
"Dijual Rumah Area Kebagusan, Jati Padang- Jakarta Selatan",Rp 4.000.000.000,"Pasar Minggu, Jakarta Selatan",4 KT - 3 KM - 200 m2
Dijual Murah Rumah Cluster Kecapi di Jagakarsa Jakarta Selatan,Rp 1.650.000.000,"Pasar Minggu, Jakarta Selatan",3 KT - 3 KM - 125 m2
Dijual Rumah Cluster Ada Kolam Renang di Kebagusan Jakarta Selatan,Rp 2.100.000.000,"Pasar Minggu, Jakarta Selatan",4 KT - 4 KM - 120 m2
DIJUAL APARTEMEN DI BINTARO SIAP HUNI,Rp 950.000.000,"Kebayoran Baru, Jakarta Selatan",2 KT - 1 KM - 74 m2
Rumah Dijual Kebagusan Pasar Minggu JakSel,Rp 440.000.000,"Pasar Minggu, Jakarta Selatan",2 KT - 1 KM - 81 m2
Rumah mewah murah Jakarta Selatan,Rp 15.950.000.000,"Pasar Minggu, Jakarta Selatan",4 KT - 4 KM - 632 m2
"Dijual murah Type Studio Apartemen kalibata city, GP Tower Sakura",Rp 285.000.000,"Pancoran, Jakarta Selatan",1 KT - 1 KM - 21 m2
DIJUAL CEPAT Rumah siap huni komplek deplu kreo (Nego Tipis),Rp 1.700.000.000,"Pesanggrahan, Jakarta Selatan",4 KT - 4 KM - 180 m2
DI JUAL MURAH APARTEMEN KALIBATA CITY TOWER TULIP GREEN PALACE JAKSEL,Rp 768.000.000,"Pancoran, Jakarta Selatan",3 KT - 1 KM - 50 m2
Rumah Asri Dalam Cluster di Pancoran Jakarta Selatan,Rp 10.500.000.000,"Pancoran, Jakarta Selatan",7 KT - 4 KM - 350 m2
RUMAH ASRI MURAH 2 LT DI DUREN TIGA JAKSEL,Rp 13.800.000.000,"Pancoran, Jakarta Selatan",4 KT - 4 KM - 500 m2
Jual Rumah Mewah Dengan Lift di Kebayoran Baru,Rp 37.000.000.000,"Kebayoran Baru, Jakarta Selatan",5 KT - 6 KM - 865 m2
Rumah di jual dekat stasiun depok,Rp 620.000.000,"Pasar Minggu, Jakarta Selatan",2 KT - 1 KM - 38 m2
Apartemen Jakarta Arumaya Residence Garden Villa 2BR Jakarta Selatan,Rp 7.000.000.000,"Cilandak, Jakarta Selatan",2 KT - 2 KM - 81 m2
Apartemen Cilandak Arumaya Residence Garden Villa 3BR Jakarta Selatan,Rp 7.000.000.000,"Cilandak, Jakarta Selatan",3 KT - 3 KM - 127 m2
Dijual Rumah Kantor Luas dan Strategis di Jatipadang Pasar Minggu,Rp 14.000.000.000,"Pasar Minggu, Jakarta Selatan",10 KT - 5 KM - 600 m2
Apartemen Arumaya Residence Garden Villa Jakarta Selatan,Rp 1.700.000.000,"Pasar Minggu, Jakarta Selatan",1 KT - 1 KM - 34 m2
Rumah Pondok Indah 560 meter Full Furnish Lokasi Bagus Harga Bagus jg.,Rp 20.950.000.000,"Kebayoran Lama, Jakarta Selatan",5 KT - 4 KM - 500 m2
Apartemen Jakarta Selatan Arumaya Residence 2BR Cilandak,Rp 4.400.000.000,"Cilandak, Jakarta Selatan",2 KT - 2 KM - 77 m2
Dijual Rumah KOS bisa juga untuk tempat tinggal,Rp 4.300.000.000,"Pasar Minggu, Jakarta Selatan",6 KT - 7 KM - 200 m2
"Rumah Bagus 2 Lantai Siap Huni di Lebak Bulus, Jakarta Selatan",Rp 3.900.000.000,"Cilandak, Jakarta Selatan",6 KT - 4 KM - 220 m2
Ready Stok Siap AJB Termurah Di Parung Panjang Fasilitas Lengkap,Rp 326.000.000,"Kebayoran Lama, Jakarta Selatan",2 KT - 1 KM - 27 m2
Permata Hijau Mansion Tipe B,Rp 3.750.000.000,"Kebayoran Lama, Jakarta Selatan",4 KT - 4 KM - 147 m2
South Quarter Residence Tipe Studio,Rp 1.300.000.000,"Cilandak, Jakarta Selatan",1 KT - 1 KM - 30 m2
DiJual Apartement Verde one/satu dibawah harga pasaran + Balkon,Rp 5.500.000.000,"Pasar Minggu, Jakarta Selatan",3 KT - 2 KM - 178 m2
DiJual Apartement Exclusive The Pakubuwono Residencr Harga Menarik,Rp 6.500.000.000,"Pasar Minggu, Jakarta Selatan",2 KT - 2 KM - 177 m2
DiJual Super Cepat Apartement THE H TOWER,Rp 3.300.000.000,"Pasar Minggu, Jakarta Selatan",2 KT - 2 KM - 138 m2
DiJual Super Cepat  Apartement H Residence MT Haryono,Rp 700.000.000,"Pasar Minggu, Jakarta Selatan",1 KT - 1 KM - 37 m2
New Furnist Apartemen Studio Hresidence MT Haryono,Rp 750.000.000,"Pasar Minggu, Jakarta Selatan",1 KT - 1 KM - 37 m2
DIjual Cepat Hitung Tanah bangunan di Tegal Parang,Rp 5.100.000.000,"Mampang Prapatan, Jakarta Selatan",3 KT - 2 KM - 297 m2
Dijual Cepat Rumah layak Huni di Wijaya 1 Jakarta selatan,Rp 29.000.000.000,"Mampang Prapatan, Jakarta Selatan",6 KT - 6 KM - 600 m2
DiJual Cepat Rumah Kosan masih beroperasi Cijantung Jaktim,Rp 3.500.000.000,"Mampang Prapatan, Jakarta Selatan",>10 KT - 7 KM - 281 m2
DIJUAL CEPAT APARTEMEN STUDIO EXCLUSIVE H RESIDENCE MT HARYONO,Rp 700.000.000,"Mampang Prapatan, Jakarta Selatan",1 KT - 1 KM - 37 m2
Dijual Harga Super Miring Apartemen Casa Grande Phase 1 Montreal tower,Rp 2.200.000.000,"Mampang Prapatan, Jakarta Selatan",2 KT - 2 KM - 80 m2
Dijual Rumah cepar Jl Cisangiri dekat pasar santa hitung tanah,Rp 17.400.000.000,"Mampang Prapatan, Jakarta Selatan",5 KT - 5 KM - 300 m2
"Rumah mewah,dekat tb simatupang  bisa cicil 100x tanpa bunga",Rp 1.500.000.000,"Cilandak, Jakarta Selatan",3 KT - 3 KM - 110 m2
Rumah secondary di Jakarta Selatan.,Rp 2.500.000.000,"Pasar Minggu, Jakarta Selatan",2 KT - 2 KM - 100 m2
beli Apartemen di BSD SERPONG dapat motor,Rp 389.000.000,"Kebayoran Baru, Jakarta Selatan",1 KT - 1 KM - 22 m2
Rumah dijual di Bintaro Kesehatan Jakarta Selatan dekat Tol Veteran,Rp 5.500.000.000,"Pesanggrahan, Jakarta Selatan",6 KT - 6 KM - 180 m2
RUMAH MEWAH KONTEMPORER KLASIK DI KEBAYORAN BARU,Rp 29.500.000.000,"Kebayoran Baru, Jakarta Selatan",4 KT - 5 KM - 560 m2
Rumah Premier Depok Lokasi Hanya 1Km ke Tol Desari Free Biaya,Rp 1.644.999.999,"Pasar Minggu, Jakarta Selatan",3 KT - 3 KM - 95 m2
Rumah Dekat Tol Hanya 10 Menit ke Antasari Jaksel SIAP HUNI,Rp 960.000.000,"Cilandak, Jakarta Selatan",3 KT - 2 KM - 82 m2
Rumah ada kolam renang Hook harga NJOP Bintaro Jak Sel LH 072,Rp 7.290.000.000,"Pesanggrahan, Jakarta Selatan",4 KT - 4 KM - 360 m2
Dijual rumah klasik harga menarik at Pondok Indah Jaksel,Rp 27.000.000.000,"Kebayoran Lama, Jakarta Selatan",9 KT - 6 KM - 1100 m2
Rumah di Cipete Utara Jakarta Selatan,Rp 3.900.000.000,"Kebayoran Baru, Jakarta Selatan",5 KT - 4 KM - 220 m2
Di Pasarkan Pejaten Teras Townhouse Baru,Rp 2.800.000.000,"Pasar Minggu, Jakarta Selatan",3 KT - 2 KM - 80 m2
RUMAH MEWAH MODERN CLASSIC CLUSTER DENGAN FASUM KOLAM RENANG,Rp 2.850.000.000,"Cilandak, Jakarta Selatan",4 KT - 4 KM - 140 m2
"Dijual Rumah di Jl. Wijaya Timur, Kebayoran Baru, Jakarta Selatan",Rp 15.000.000.000,"Kebayoran Baru, Jakarta Selatan",5 KT - 4 KM - 300 m2
Rumah Villa Kantor Among Tani Pemkot Batu,Rp 1.600.000.000,"Pesanggrahan, Jakarta Selatan",4 KT - 2 KM - 216 m2
Fast Sale Apartment The Langham Residences 3Bedroom,Rp 35.000.000.000,"Kebayoran Lama, Jakarta Selatan",3 KT - 3 KM - 351 m2
Rumah dekat jakarta selatan bisa cicil 80x tanpa bunga,Rp 1.200.000.000,"Cilandak, Jakarta Selatan",3 KT - 2 KM - 75 m2
Dijual Apartment Kalibata tipe studio,Rp 240.000.000,"Pancoran, Jakarta Selatan",1 KT - 1 KM - 12.0 m2
SALE FULL FURNISHED  APARTMENT BINTARO PARKVIEW,Rp 370.000.000,"Pesanggrahan, Jakarta Selatan",1 KT - 1 KM - 22 m2
Rumah 3 Lantai Di Tegal Parang Mampang Prapatan,Rp 5.500.000.000,"Mampang Prapatan, Jakarta Selatan",6 KT - 4 KM - 260 m2
DIJUAL CEPAT MURAH RUMAH CLUSTER KEBAYORAN GARDEN BINTARO SEKTOR 7,Rp 5.200.000.000,"Pesanggrahan, Jakarta Selatan",5 KT - 4 KM - 213 m2
Dijual Rumah Jl Wijaya Kebayoran Baru Bagus dan Terawat,Rp 55.000.000.000,"Kebayoran Baru, Jakarta Selatan",3 KT - 2 KM - 500 m2
Dijual Rumah di Cilandak 5 Kamar Tidur Arah Timur,Rp 9.000.000.000,"Cilandak, Jakarta Selatan",5 KT - 3 KM - 220 m2
Di jual  17 unit rumah di kebagusan dekat plaza oleos,Rp 355.000.000.000,"Pasar Minggu, Jakarta Selatan",10 KT - 9 KM - 6800 m2
Rumah Pondok Indah Jaksel Siap Huni Harga Murah bisa Nego,Rp 4.150.000.000,"Kebayoran Lama, Jakarta Selatan",2 KT - 2 KM - 120 m2
"Luxury American Classic House At Prime Area Kebayoran Baru, Jakarta",Rp 49.500.000.000,"Kebayoran Baru, Jakarta Selatan",8 KT - 6 KM - 550 m2
"Dijual Rumah Bagus 3 Lt M U R A H Jl. Bangka, Jakarta Selatan",Rp 4.000.000.000,"Mampang Prapatan, Jakarta Selatan",4 KT - 2 KM - 180 m2
Rumah Siap Huni Akses Jalan Lebar Dekat Tol Simatupang,Rp 7.800.000.000,"Cilandak, Jakarta Selatan",4 KT - 3 KM - 302.0 m2
Dijual Kos-Kosan Lokasi Strategis Di Senopati Jakarta Selatan,Rp 12.000.000.000,"Kebayoran Baru, Jakarta Selatan",>10 KT - >10 KM - 750 m2
DIJUAL RUMAH PASAR MINGGU  DALAM TOWNHOUSE,Rp 14.000.000.000,"Pasar Minggu, Jakarta Selatan",6 KT - 4 KM - 600 m2
DIJUAL RUMAH MEWAH MODEL KLASIK 3 ½ LANTAI DALAM CLUSTER DI JAGAKARSA,Rp 3.650.000.000,"Cilandak, Jakarta Selatan",6 KT - 5 KM - 300 m2
Rumah Murah 2 Menit Ke Tol TB Simatupang Pasar Minggu Jakarta Selatan,Rp 3.600.000.000,"Pasar Minggu, Jakarta Selatan",5 KT - 4 KM - 250 m2
Rumah Cantik 3 Lt Luas Bisa Nego 6 Menit ke Stasiun Pasar Minggu J-226,Rp 7.190.000.000,"Pasar Minggu, Jakarta Selatan",4 KT - 4 KM - 450 m2
Rumah baru cipete siap huni belakang citos,Rp 28.000.000.000,"Cilandak, Jakarta Selatan",6 KT - 7 KM - 515.0 m2
Rumah Dijual Brand New Townhouse Di Pejaten Jakarta Selatan,Rp 2.500.000.000,"Pasar Minggu, Jakarta Selatan",5 KT - 3 KM - 180 m2
Dijual Apartement 1Park Residence Gandaria 3BR Full Furnished,Rp 3.900.000.000,"Cilandak, Jakarta Selatan",3 KT - 2 KM - 140 m2
Dijual Murah Rumah Lama Hitung Tanah 25jt/m,Rp 13.700.000.000,"Kebayoran Baru, Jakarta Selatan",4 KT - 3 KM - 300 m2
Pondok Indah Jaksel Dijual Rumah Cantik Siap Huni Harga Nego,Rp 6.300.000.000,"Kebayoran Lama, Jakarta Selatan",4 KT - 4 KM - 302 m2
Rumah Old Money Sangat Strategis di Hang Lekiu Kebayoran Baru Jakarta,Rp 21.000.000.000,"Kebayoran Baru, Jakarta Selatan",4 KT - 3 KM - 317 m2
Rumah bagus dalam kompleks sec 24 jam,Rp 6.900.000.000,"Cilandak, Jakarta Selatan",3 KT - 3 KM - 280 m2
BRAND NEW PONDOK INDAH -  JAKARTA SELATAN   LUXURIOUS MODERN  TROPICAL,Rp 14.500.000.000,"Kebayoran Lama, Jakarta Selatan",6 KT - 5 KM - 600 m2
DIJUAL RUMAH PONDOK INDAH JAKARTA SELATAN,Rp 9.900.000.000,"Kebayoran Lama, Jakarta Selatan",5 KT - 5 KM - 280 m2
Rumah Cantik Elit di Pondok Indah,Rp 6.300.000.000,"Kebayoran Lama, Jakarta Selatan",4 KT - 4 KM - 302 m2
For Sale Apartment Pakubuwono Spring 2Bdr,Rp 8.000.000.000,"Kebayoran Lama, Jakarta Selatan",2 KT - 1 KM - 170 m2
Rumah Mewah Design Modern di  Simprug Golf Jakarta Selatan,Rp 58.000.000.000,"Kebayoran Lama, Jakarta Selatan",9 KT - 7 KM - 1200 m2
Rumah Brand New Cilandak,Rp 15.500.000.000,"Cilandak, Jakarta Selatan",5 KT - 4 KM - 400 m2
DIJUAL RUMAH ASRI DENGAN HALAMAN LUAS KAWASAN CILANDAK,Rp 8.900.000.000,"Cilandak, Jakarta Selatan",5 KT - 3 KM - 200 m2
DIJUAL MURAH DIBAWAH PASARAN APARTEMEN ALTIZ BINTARO,Rp 925.000.000,"Pesanggrahan, Jakarta Selatan",2 KT - 1 KM - 40 m2
"TURUN HARGA 1Park Avenue 2BR, FF, jual rugi",Rp 4.450.000.000,"Kebayoran Baru, Jakarta Selatan",2 KT - 2 KM - 146.0 m2
Rumah 3 Lantai SEMI FURNISHED di Pejaten (2 unit Only),Rp 5.000.000.000,"Pasar Minggu, Jakarta Selatan",4 KT - 4 KM - 260 m2
Rumah di Bintaro Permai  Pesanggrahan,Rp 3.000.000.000,"Pesanggrahan, Jakarta Selatan",5 KT - 4 KM - 170 m2
Rumah di Cilandak Barat JakSel hook semi furnished ada kolam renang,Rp 19.500.000.000,"Cilandak, Jakarta Selatan",7 KT - 5 KM - 600.0 m2
apartemen di jakarta selatan dengan fasilitas lengkap,Rp 1.300.000.000,"Cilandak, Jakarta Selatan",1 KT - 1 KM - 30 m2
"Rumah 1 lantai dijual cepat di Lenteng Agung Raya, Jakarta Selatan",Rp 5.300.000.000,"Pasar Minggu, Jakarta Selatan",5 KT - 6 KM - 200 m2
"Rumah Mewah Brand New V V I P Area Jl. Hang Tuah, Kebayoran Baru",Rp 72.000.000.000,"Kebayoran Baru, Jakarta Selatan",5 KT - 6 KM - 900 m2
"Rumah 2,5Lantai dalam Exclusive Cluster di  Pasar Minggu, Jaksel",Rp 4.200.000.000,"Pasar Minggu, Jakarta Selatan",5 KT - 4 KM - 138 m2
Fast Sale House In Pondok Indah Jakarta Selatan,Rp 26.000.000.000,"Kebayoran Lama, Jakarta Selatan",3 KT - 3 KM - 450 m2
Rumah dekat Tugu Dirgantara Pancoran Peruntukan Komersil K1,Rp 15.000.000.000,"Pancoran, Jakarta Selatan",6 KT - 4 KM - 250 m2
Di Jual Cepat Rumah Mewah SUPER MURAH di Grogol Utara,Rp 45.970.000.000,"Kebayoran Lama, Jakarta Selatan",4 KT - 3 KM - 810 m2
RUMAH MURAH DIBAWAH NJOP BINTARO JAKSEL,Rp 3.200.000.000,"Pesanggrahan, Jakarta Selatan",4 KT - 3 KM - 200 m2
RUMAH MEWAH DI AMPERA JAKSEL,Rp 27.000.000.000,"Pasar Minggu, Jakarta Selatan",7 KT - 6 KM - 800 m2
Dijual Cepat Nego Apartement Fatmawati City Center,Rp 990.000.000,"Cilandak, Jakarta Selatan",1 KT - 1 KM - 25 m2
Di Jual Rumah Pondok Indah jakarta selatan,Rp 17.000.000.000,"Kebayoran Lama, Jakarta Selatan",4 KT - 4 KM - 603 m2
Di jual cluster unit baru,Rp 1.700.000.000,"Pasar Minggu, Jakarta Selatan",3 KT - 3 KM - 120 m2
Di Jual Rumah Townhouse Kebagusan Pasar Minggu,Rp 1.500.000.000,"Pasar Minggu, Jakarta Selatan",3 KT - 3 KM - 100 m2
Dijual Rumah Posisi Hook Ada Halaman Belakang Di Jakarta Selatan,Rp 8.500.000.000,"Pesanggrahan, Jakarta Selatan",6 KT - 4 KM - 568 m2
"Apartemen Lexington Siap Huni, Mewah dan Rapi, Jakarta Selatan",Rp 2.000.000.000,"Pesanggrahan, Jakarta Selatan",2 KT - 2 KM - 85 m2
Apartment Siap HUNI Vasaka Solterra,Rp 1.000.000.000,"Pasar Minggu, Jakarta Selatan",1 KT - 1 KM - 26 m2
DI JUAL RUMAH MEWAH ADA SWIMING POOL DI CIPETE SELATAN JAKSEL,Rp 7.300.000.000,"Cilandak, Jakarta Selatan",6 KT - 5 KM - 600 m2
Rumah Baru Mewah Dan Kokoh Di Pondok Indah,Rp 17.500.000.000,"Kebayoran Lama, Jakarta Selatan",4 KT - 6 KM - 603 m2
Dijual Rumah Modern minimalis lokasi strategis di Cilandak Jaksel,Rp 4.700.000.000,"Pasar Minggu, Jakarta Selatan",4 KT - 4 KM - 280 m2
Dijual Komplek Townhouse dengan 4 rumah besar di cilandak Jaksel,Rp 19.500.000.000,"Cilandak, Jakarta Selatan",>10 KT - >10 KM - 648 m2
Rumah mewah siap huni di Rempoa Jaksel,Rp 10.000.000.000,"Pesanggrahan, Jakarta Selatan",6 KT - 3 KM - 270.0 m2
JUAL CEPAT HARGA MIRING APT FOURWINDS SENAYAN 1 BR FURNISHED MODERN,Rp 2.500.000.000,"Kebayoran Lama, Jakarta Selatan",1 KT - 1 KM - 71 m2
dijual rumah diduren tiga selatan dekat komplek pertani dan kantor BNN,Rp 19.500.000.000,"Pancoran, Jakarta Selatan",5 KT - 4 KM - 500 m2
Rumah ada Kolam Renang Pribadi Berhalaman Luas 1 Lantai di Ampera Raya,Rp 19.000.000.000,"Pasar Minggu, Jakarta Selatan",4 KT - 3 KM - 480 m2
Dijual rumah baru harga super seru at Sinabung kebayoran baru,Rp 35.000.000.000,"Kebayoran Baru, Jakarta Selatan",6 KT - 7 KM - 840 m2
Interior BARU 2 KAMAR SHM Kalibata City,Rp 375.000.000,"Mampang Prapatan, Jakarta Selatan",2 KT - 1 KM - 33.0 m2
Rumah Dijual Cluster Lebak Bulus KPR Nego Strategis,Rp 1.895.000.000,"Cilandak, Jakarta Selatan",3 KT - 3 KM - 91 m2
"Dijual Rumah Mewah Clasic Furnish Di Kebayoran Baru ,jakarta Selatan",Rp 99.000.000.000,"Kebayoran Baru, Jakarta Selatan",5 KT - 7 KM - 2000.0 m2
Dijual Apartemen Permata Hijau Residences,Rp 2.850.000.000,"Kebayoran Lama, Jakarta Selatan",3 KT - 2 KM - 110 m2
Rumah murah hitung tanah dalam komplek di Bintaro Pesanggrahan 4931 pj,Rp 3.800.000.000,"Pesanggrahan, Jakarta Selatan",3 KT - 2 KM - 160 m2
"For Sale Rumah Tua di  lahan yg luas Cipete Utara, Jakarta Selatan",Rp 15.000.000.000,"Kebayoran Baru, Jakarta Selatan",4 KT - 2 KM - 200 m2
Rumah Brand New Mewah 2 Di Lokasi Perumahan Area Pesanggrahan Jaksel,Rp 3.050.000.000,"Pesanggrahan, Jakarta Selatan",3 KT - 3 KM - 144 m2
Rumah Dalam Cluster di Cilandak 5 menit ke Jl. TB Simatupang,Rp 3.950.000.000,"Cilandak, Jakarta Selatan",4 KT - 5 KM - 190 m2
RUMAH TROPICAL MODERN MINIMALIS 3 LANTAI BY ATEILER RIRI DEKAT BCA,Rp 17.900.000.000,"Kebayoran Lama, Jakarta Selatan",4 KT - 4 KM - 603 m2
RUMAH BARU 1.5 LANTAI KOMPLEK BONA INDAH,Rp 4.300.000.000,"Cilandak, Jakarta Selatan",2 KT - 1 KM - 77 m2
DIJUAL Apartment Residence 8 Senopati 2BR Furnished Close to MRT Mall,Rp 7.000.000.000,"Kebayoran Baru, Jakarta Selatan",2 KT - 2 KM - 133 m2
dijual rumah mewah dipancoran timur dalam komplek,Rp 13.500.000.000,"Pancoran, Jakarta Selatan",5 KT - 3 KM - 400 m2
Rumah Mewah Siap Huni Harga Terbaik Dekat Pondok Indah Mall,Rp 2.750.000.000,"Kebayoran Lama, Jakarta Selatan",4 KT - 3 KM - 185 m2
Dijual Apartemen Somerset Kencana Pondok Indah,Rp 3.750.000.000,"Kebayoran Lama, Jakarta Selatan",3 KT - 2 KM - 128 m2
Rumah Luxury Fully Furnished di Kebayoran Baru dekat Senopati,Rp 27.000.000.000,"Kebayoran Baru, Jakarta Selatan",5 KT - 5 KM - 600 m2
Jual rumah cepat dekat transmart bintaro,Rp 1.100.000.000,"Pesanggrahan, Jakarta Selatan",3 KT - 2 KM - 100 m2
"Permata Hijau, Rumah Siap Huni Dlm Komplek Tenang Kondisi Terawat, Jak",Rp 23.000.000.000,"Kebayoran Lama, Jakarta Selatan",4 KT - 4 KM - 550 m2
Dijual rumah brandnew cluster area Petukangan Pesanggrahan Jaksel,Rp 1.100.000.000,"Pesanggrahan, Jakarta Selatan",2 KT - 2 KM - 50 m2
"Jual Apartemen Branz Simatupang, Jakarta Selatan",Rp 3.000.000.000,"Cilandak, Jakarta Selatan",1 KT - 1 KM - 64 m2
Rumah Bebas Banjir dekat Bintaro Plaza Harga Nego Siap KPR J-21993,Rp 2.440.000.000,"Pesanggrahan, Jakarta Selatan",3 KT - 3 KM - 140 m2
Rumah Jakarta Selatan Pangkalan Jati,Rp 5.500.000.000,"Cilandak, Jakarta Selatan",8 KT - 4 KM - 252 m2
Rumah Modern 2 Lt Siap Huni 9 Mnt ke Gerbang Tol Ciledug J-21993,Rp 2.360.000.000,"Pesanggrahan, Jakarta Selatan",3 KT - 3 KM - 140 m2
Rumah Nego dekat Bintaro Plaza Bebas Banjir Dibantu KPR J-21993,Rp 2.440.000.000,"Pesanggrahan, Jakarta Selatan",3 KT - 3 KM - 140 m2
Rumah Seken Terawat Hadap Selatan dekat Bintaro Plaza Bisa KPR J-21993,Rp 2.440.000.000,"Pesanggrahan, Jakarta Selatan",3 KT - 3 KM - 140 m2
Rumah Hadap Selatan 7 Mnt ke RSUD Pondok Aren Bisa KPR J-21993,Rp 2.440.000.000,"Pesanggrahan, Jakarta Selatan",3 KT - 3 KM - 140 m2
Townhouse di Kabagusan Pasar Minggu JakSel,Rp 3.000.000.000,"Pasar Minggu, Jakarta Selatan",5 KT - 5 KM - 180 m2
Take over rumah subsidi di duta pakis dekat pasar parung,Rp 60.000.000,"Cilandak, Jakarta Selatan",2 KT - 1 KM - 36 m2
Dijual Rumah Bagus Siap Huni Di Pondok Indah Jaksel,Rp 5.900.000.000,"Kebayoran Lama, Jakarta Selatan",5 KT - 5 KM - 240 m2
Rumah Bagus Dijual Di Cluster Strategis Di Area Kebayoran Lama,Rp 6.500.000.000,"Kebayoran Lama, Jakarta Selatan",6 KT - 4 KM - 256 m2